"","bill_length_mm","bill_depth_mm","flipper_length_mm","body_mass_g"
"bill_length_mm",1,-0.228625635913029,0.653095638667086,0.589451110176949
"bill_depth_mm",-0.228625635913029,1,-0.577791696336673,-0.472015660195139
"flipper_length_mm",0.653095638667086,-0.577791696336673,1,0.87297889856536
"body_mass_g",0.589451110176949,-0.472015660195139,0.87297889856536,1
