r_squared,rmse,f_statistic,p_value,observations
0.7620921573403908,393.3432605670084,1060.2950338235971,3.132836250973157e-105,333
